{"stats":{"minecraft:custom":{"minecraft:time_since_rest":8053,"minecraft:open_chest":1,"minecraft:play_time":12591,"minecraft:sprint_one_cm":8719,"minecraft:damage_taken":695,"minecraft:deaths":2,"minecraft:walk_one_cm":52662,"minecraft:walk_under_water_one_cm":3738,"minecraft:mob_kills":2,"minecraft:jump":85,"minecraft:damage_dealt":289,"minecraft:leave_game":2,"minecraft:walk_on_water_one_cm":1105,"minecraft:time_since_death":7945,"minecraft:total_world_time":12591,"minecraft:fall_one_cm":9159,"minecraft:fly_one_cm":9669},"minecraft:picked_up":{"minecraft:rotten_flesh":2,"minecraft:wheat_seeds":1,"minecraft:dirt":4},"minecraft:killed":{"minecraft:spider":1,"minecraft:zombie":1},"minecraft:killed_by":{"minecraft:skeleton":1},"minecraft:mined":{"minecraft:grass":11,"minecraft:grass_block":4,"minecraft:tall_grass":2}},"DataVersion":3465}