{"stats":{"minecraft:custom":{"minecraft:time_since_rest":1184,"minecraft:open_chest":1,"minecraft:play_time":19827,"minecraft:sprint_one_cm":22542,"minecraft:damage_taken":1445,"minecraft:deaths":5,"minecraft:walk_one_cm":90995,"minecraft:walk_under_water_one_cm":3789,"minecraft:mob_kills":2,"minecraft:jump":191,"minecraft:damage_dealt":289,"minecraft:leave_game":3,"minecraft:walk_on_water_one_cm":1547,"minecraft:time_since_death":1129,"minecraft:total_world_time":19827,"minecraft:swim_one_cm":572,"minecraft:fall_one_cm":17391,"minecraft:fly_one_cm":36829},"minecraft:picked_up":{"minecraft:rotten_flesh":2,"minecraft:wheat_seeds":1,"minecraft:dirt":7},"minecraft:killed":{"minecraft:spider":1,"minecraft:zombie":1},"minecraft:killed_by":{"minecraft:skeleton":1,"minecraft:zombie":1},"minecraft:mined":{"minecraft:grass":13,"minecraft:grass_block":6,"minecraft:dirt":1,"minecraft:tall_grass":2}},"DataVersion":3465}