{"stats":{"minecraft:custom":{"minecraft:time_since_rest":1372,"minecraft:open_chest":1,"minecraft:play_time":5910,"minecraft:sprint_one_cm":6227,"minecraft:walk_one_cm":46092,"minecraft:damage_taken":575,"minecraft:deaths":2,"minecraft:walk_under_water_one_cm":1008,"minecraft:mob_kills":2,"minecraft:jump":70,"minecraft:damage_dealt":289,"minecraft:leave_game":1,"minecraft:walk_on_water_one_cm":353,"minecraft:time_since_death":1264,"minecraft:total_world_time":5910,"minecraft:fall_one_cm":6691,"minecraft:fly_one_cm":5687},"minecraft:picked_up":{"minecraft:rotten_flesh":2,"minecraft:wheat_seeds":1,"minecraft:dirt":4},"minecraft:killed":{"minecraft:spider":1,"minecraft:zombie":1},"minecraft:killed_by":{"minecraft:skeleton":1},"minecraft:mined":{"minecraft:grass":9,"minecraft:grass_block":4,"minecraft:tall_grass":2}},"DataVersion":3465}